<?xml version="1.0" encoding="utf-8"?><feed xmlns="http://www.w3.org/2005/Atom" ><generator uri="https://jekyllrb.com/" version="4.1.1">Jekyll</generator><link href="http://localhost:4000/feed.xml" rel="self" type="application/atom+xml" /><link href="http://localhost:4000/" rel="alternate" type="text/html" /><updated>2020-09-29T23:36:38+05:30</updated><id>http://localhost:4000/feed.xml</id><title type="html">Alain B. Zemkoho</title><subtitle>Alain B. Zemkoho|Homepage </subtitle><author><name>Alain B. Zemkoho</name><email>a.b.zemkoho@soton.ac.uk</email></author></feed>